Workbook

Sheet readme
A1: This excel file drives the creation of menus for the planner app.
A2: There are several sheets the contain mostly T/F statements, but also defaults and even R code.
A3: =HYPERLINK(sample!A1) -> sample | B3: <- The sheet labels which designs are cross-sectional and which are longitudinal and keys to words like 'cross'
A4: =HYPERLINK(design!A1) -> design | B4: <- This sheet labels the designs with keywords and maps them to types of samples
A5: =HYPERLINK(inference!A1) -> inference | B5: <- This sheet notes which types of inference are available for which designs
A6: =HYPERLINK(model!A1) -> model | B6: <- This sheet notes which types of models (i.e., with or without covariates) are available for which designs
A7: =HYPERLINK(stat!A1) -> stat | B7: <- This sheet notes which designs need which elements of the NCP, they all need all
A8: =HYPERLINK(input!A1) -> input | B8: <- This sheet notes which designs, inference, model, etc., need which elements for stats
C9: Also included are labels for the shiny app (last columns)
A10: =HYPERLINK(code!A1,"code") -> code | B10: <- This sheet literally has R code across columns for each function organized by row
C11: If something is funky, check the code

Sheet sample
A1: sample | B1: label
A2: cross | B2: Cross-sectional
A3: long | B3: Longitudinal

Sheet design
A1: design | B1: label | C1: cross | D1: long
A2: srs | B2: Simple random sample | C2: TRUE
A3: blocked | B3: Blocked treatments | C3: TRUE
A4: clustered | B4: Clustered treatments | C4: TRUE
A5: its | B5: Interrupted time series | D5: FALSE
A6: cits | B6: Comparative interrupted time series | D6: FALSE
A7: did | B7: Difference in Difference | D7: TRUE

Sheet inference
A1: inference | B1: label | C1: srs | D1: blocked | E1: clustered | F1: its | G1: cits | H1: did
A2: fixed | B2: Fixed effects | C2: TRUE | D2: TRUE | F2: TRUE | G2: TRUE | H2: TRUE
A3: random | B3: Random effects | D3: TRUE | E3: TRUE

Sheet model
A1: model | B1: label | C1: srs | D1: blocked | E1: clustered | F1: its | G1: cits | H1: did
A2: nocovariate | B2: Without controls | C2: TRUE | D2: TRUE | E2: TRUE | F2: TRUE | G2: TRUE | H2: TRUE
A3: covariate | B3: With controls | C3: TRUE | D3: TRUE | E3: TRUE

Sheet stat
A1: stat | B1: label | C1: srs | D1: blocked | E1: clustered | F1: its | G1: cits | H1: did
A2: N | B2: Total sample size | C2: TRUE | D2: TRUE | E2: TRUE | F2: TRUE | G2: TRUE | H2: TRUE
A3: df | B3: Degrees of freedom for test | C3: TRUE | D3: TRUE | E3: TRUE | F3: TRUE | G3: TRUE | H3: TRUE
A4: V | B4: Variance factor | C4: TRUE | D4: TRUE | E4: TRUE | F4: TRUE | G4: TRUE | H4: TRUE

Sheet input
A1: input | B1: srs | C1: blocked | D1: clustered | E1: its | F1: cits | G1: did | H1: fixed | I1: random | J1: nocovariate | K1: covariate | L1: N | M1: df | N1: V | O1: min | P1: max | Q1: ui_value_exact | R1: ui_value_range | S1: label_srs | T1: label_blocked | U1: label_clustered | V1: label_its | W1: label_cits | X1: label_did
A2: m | C2: TRUE | E2: TRUE | H2: TRUE | I2: TRUE | J2: TRUE | K2: TRUE | L2: TRUE | M2: TRUE | N2: TRUE | O2: 4 | P2: 40 | Q2: 10 | R2: =_xlfn.CONCAT("c(",O2,",",P2,")") -> c(4,40) | T2: Number blocks | U2: Number clusters | V2: Number longitudinal units | W2: Number longitudinal units
A3: mt | D3: TRUE | F3: TRUE | H3: TRUE | I3: TRUE | J3: TRUE | K3: TRUE | L3: TRUE | M3: TRUE | N3: TRUE | O3: 2 | P3: 40 | Q3: 5 | R3: =_xlfn.CONCAT("c(",O3,",",P3,")") -> c(2,40) | T3: Treatment number blocks | U3: Treatment number clusters | V3: Treatment number longitudinal units | W3: Treatment number longitudinal units
A4: mc | D4: TRUE | F4: TRUE | H4: TRUE | I4: TRUE | J4: TRUE | K4: TRUE | L4: TRUE | M4: TRUE | N4: TRUE | O4: 2 | P4: 40 | Q4: 5 | R4: =_xlfn.CONCAT("c(",O4,",",P4,")") -> c(2,40) | T4: Comparison number blocks | U4: Comparison number clusters | V4: Comparison number longitudinal units | W4: Comparison number longitudinal units
A5: n | D5: TRUE | H5: TRUE | I5: TRUE | J5: TRUE | K5: TRUE | L5: TRUE | M5: TRUE | N5: TRUE | O5: 4 | P5: 150 | Q5: 40 | R5: =_xlfn.CONCAT("c(",O5,",",P5,")") -> c(4,150) | T5: Number individuals in blocks | U5: Number individuals in clusters | V5: Number individuals in longitudinal units | W5: Number individuals in longitudinal units
A6: nt | B6: TRUE | C6: TRUE | G6: TRUE | H6: TRUE | I6: TRUE | J6: TRUE | K6: TRUE | L6: TRUE | M6: TRUE | N6: TRUE | O6: 2 | P6: 150 | Q6: 20 | R6: =_xlfn.CONCAT("c(",O6,",",P6,")") -> c(2,150) | S6: Treatment number of individuals | T6: Treatment number of individuals in blocks | U6: Treatment number of individuals in clusters | V6: Treatment number of individuals in longitudinal units | W6: Treatment number of individuals in longitudinal units | X6: Treatment number of individuals
A7: nc | B7: TRUE | C7: TRUE | G7: TRUE | H7: TRUE | I7: TRUE | J7: TRUE | K7: TRUE | L7: TRUE | M7: TRUE | N7: TRUE | O7: 2 | P7: 150 | Q7: 20 | R7: =_xlfn.CONCAT("c(",O7,",",P7,")") -> c(2,150) | S7: Comparison number of individuals | T7: Comparison number of individuals in blocks | U7: Comparison number of individuals in clusters | V7: Comparison number of individuals in longitudinal units | W7: Comparison number of individuals in longitudinal units | X7: Comparison number of individuals
A8: pretime | E8: TRUE | F8: TRUE | H8: TRUE | I8: TRUE | J8: TRUE | K8: TRUE | L8: TRUE | M8: TRUE | N8: TRUE | O8: 2 | P8: 100 | Q8: =O8+2 -> 4 | R8: =_xlfn.CONCAT("c(",O8,",",P8,")") -> c(2,100) | T8: Number timepoints before treatment | U8: Number timepoints before treatment | V8: Number timepoints before treatment | W8: Number timepoints before treatment
A9: posttime | E9: TRUE | F9: TRUE | H9: TRUE | I9: TRUE | J9: TRUE | K9: TRUE | L9: TRUE | M9: TRUE | N9: TRUE | O9: 2 | P9: 100 | Q9: =O9+2 -> 4 | R9: =_xlfn.CONCAT("c(",O9,",",P9,")") -> c(2,100) | T9: Number timepoints after treatment | U9: Number timepoints after treatment | V9: Number timepoints after treatment | W9: Number timepoints after treatment
A10: icc | C10: TRUE | D10: TRUE | E10: TRUE | F10: TRUE | H10: TRUE | I10: TRUE | J10: TRUE | K10: TRUE | N10: TRUE | O10: 0.01 | P10: 0.2 | Q10: 0.1 | R10: =_xlfn.CONCAT("c(",O10,",",P10,")") -> c(0.01,0.2) | T10: intraclass correlation | U10: intraclass correlation | V10: intraclass correlation | W10: intraclass correlation
A11: R2_1 | B11: TRUE | C11: TRUE | D11: TRUE | H11: TRUE | I11: TRUE | K11: TRUE | N11: TRUE | O11: 0 | P11: 0.99 | Q11: 0.2 | R11: =_xlfn.CONCAT("c(",O11,",",P11,")") -> c(0,0.99) | S11: Outcome variance reduction in outcome | T11: Outcome variance reduction in outcome (individuals) | U11: Outcome variance reduction in outcome (individuals) | V11: Outcome variance reduction in outcome (individuals) | W11: Outcome variance reduction in outcome (individuals)
A12: R2_2 | D12: TRUE | I12: TRUE | K12: TRUE | N12: TRUE | O12: 0 | P12: 0.99 | Q12: 0.2 | R12: =_xlfn.CONCAT("c(",O12,",",P12,")") -> c(0,0.99) | T12: Outcome variance reduction in outcome (blocks) | U12: Outcome variance reduction in outcome (clusters) | V12: Outcome variance reduction in outcome (longitudinal units) | W12: Outcome variance reduction in outcome (longitudinal units)
A13: ar | E13: TRUE | F13: TRUE | G13: TRUE | H13: TRUE | I13: TRUE | J13: TRUE | K13: TRUE | N13: TRUE | O13: 0 | P13: 0.99 | Q13: 0.25 | R13: =_xlfn.CONCAT("c(",O13,",",P13,")") -> c(0,0.99) | T13: First-order autocorrelation | U13: First-order autocorrelation | V13: First-order autocorrelation | W13: First-order autocorrelation | X13: Correlation between pre- and post-test
A14: q | B14: TRUE | C14: TRUE | D14: TRUE | H14: TRUE | I14: TRUE | K14: TRUE | M14: TRUE | N14: TRUE | O14: 0 | P14: 6 | Q14: 1 | R14: =_xlfn.CONCAT("c(",O14,",",P14,")") -> c(0,6) | S14: Number covariates | T14: Number covariates | U14: Number covariates | V14: Number covariates | W14: Number covariates
A15: Q2 | C15: TRUE | I15: TRUE | K15: TRUE | N15: TRUE | O15: 0 | P15: 0.99 | Q15: 0.2 | R15: =_xlfn.CONCAT("c(",O15,",",P15,")") -> c(0,0.99) | T15: Covariate-treatment effect correlation (squared) | U15: Covariate-treatment effect correlation (squared) | V15: Covariate-treatment effect correlation (squared) | W15: Covariate-treatment effect correlation (squared)
A16: tau2 | C16: TRUE | I16: TRUE | J16: TRUE | K16: TRUE | N16: TRUE | O16: 0 | P16: 3 | Q16: 0.15 | R16: =_xlfn.CONCAT("c(",O16,",",P16,")") -> c(0,3) | T16: Variance of treatment effects across blocks | U16: Variance of treatment effects across clusters | V16: Variance of treatment effects across longitudinal units | W16: Variance of treatment effects across longitudinal units

Sheet code
A1: function_name
A2: srs_fixed_nocovariate_N | B2: N <- nt+nc
A3: srs_fixed_nocovariate_df | B3: df <- nt+nc-2
A4: srs_fixed_nocovariate_V | B4: p <- nt/(nt+nc) | C4: V <- (nt+nc)*p*(1-p)
A5: srs_fixed_covariate_N | B5: N <- nt+nc
A6: srs_fixed_covariate_df | B6: df <- nt+nc-2-q
A7: srs_fixed_covariate_V | B7: p <- nt/(nt+nc) | C7: V <- (nt+nc)*p*(1-p)*(1/(1-R2_1))
A8: blocked_fixed_nocovariate_N | B8: N <- m*(nt+nc)
A9: blocked_fixed_nocovariate_df | B9: N <- m*(nt+nc) | C9: df <- N-2*m
A10: blocked_fixed_nocovariate_V | B10: iccbar <- 1-icc | C10: nbar <- 2/(1/nt+1/nc) | D10: V <- 1/((iccbar+nbar*iccbar*(nc+nt))/(m*nc*nt))
A11: blocked_fixed_covariate_N | B11: N <- m*(nt+nc)
A12: blocked_fixed_covariate_df | B12: N <- m*(nt+nc) | C12: df <- N-2*m-q
A13: blocked_fixed_covariate_V | B13: iccbar <- 1-icc | C13: nbar <- 2/(1/nt+1/nc) | D13: V <-1/(((1-R2_1)*iccbar+nbar*iccbar*(nc+nt))/(m*nc*nt))
A14: blocked_random_nocovariate_N | B14: N <- m*(nt+nc)
A15: blocked_random_nocovariate_df | B15: nbar <- 2/(1/nt+1/nc) | C15: df <- result <- nbar*m - 2
A16: blocked_random_nocovariate_V | B16: iccbar <- 1-icc | C16: nbar <- 2/(1/nt+1/nc) | D16: V <- 1/((iccbar+nbar*tau2*(nc+nt))/(m*nc*nt))
A17: blocked_random_covariate_N | B17: N <- m*(nt+nc)
A18: blocked_random_covariate_df | B18: nbar <- 2/(1/nt+1/nc) | C18: df <- result <- nbar*m - 2 - q
A19: blocked_random_covariate_V | B19: iccbar <- 1-icc | C19: nbar <- 2/(1/nt+1/nc) | D19: V <- 1/(((1-R2_1)*iccbar+(1-Q2)*nbar*tau2*iccbar*(nc+nt))/(m*nc*nt))
A20: clustered_random_nocovariate_N | B20: N <- n*(mt+mc)
A21: clustered_random_nocovariate_df | B21: df <- mt + mc - 2
A22: clustered_random_nocovariate_V | B22: p <- mt/(mt+mc) | C22: de <- 1+(n-1)*icc | D22: V <- 1/(de/(p*(1-p)*(mt+mc)*n))
A23: clustered_random_covariate_N | B23: N <- n*(mt+mc)
A24: clustered_random_covariate_df | B24: mt + mc - 2 - q
A25: clustered_random_covariate_V | B25: p <- mt/(mt+mc) | C25: de <- 1+(n-1)*icc-(R2_1+(n*R2_2-R2_1)*icc) | D25: V <- 1/(de/(p*(1-p)*(mt+mc)*n))
A26: its_fixed_nocovariate_N
A27: its_fixed_nocovariate_df
A28: its_fixed_nocovariate_V
A29: cits_fixed_nocovariate_N
A30: cits_fixed_nocovariate_df
A31: cits_fixed_nocovariate_V
A32: did_fixed_nocovariate_N | B32: N <- nt+nc
A33: did_fixed_nocovariate_df | B33: df <- nt+nc-2
A34: did_fixed_nocovariate_V | B34: V <- (nt*nc)/(nt+nc)*(1/(2*(1-ar)))
